id,repo_name,start_commit,end_commit,migration_info,start_commit_existed,end_commit_exitsted,oke,prev_commit
Flipkart_phantom__1fdac2a76bbd0cd5757adcbdccb9bf975f92baac__1fdac2a76bbd0cd5757adcbdccb9bf975f92baac,Flipkart_phantom,1fdac2a76bbd0cd5757adcbdccb9bf975f92baac,1fdac2a76bbd0cd5757adcbdccb9bf975f92baac,"{'start_commit_changes': '+org.apache.logging.log4j:log4j-1.2-api\n+org.apache.logging.log4j:log4j-api\n+org.apache.logging.log4j:log4j-slf4j-impl\n+org.apache.logging.log4j:log4j-core\n-org.slf4j:jcl-over-slf4j\n-org.slf4j:slf4j-api\n-org.slf4j:slf4j-log4j12', 'end_commit_changes': '+org.apache.logging.log4j:log4j-1.2-api\n+org.apache.logging.log4j:log4j-api\n+org.apache.logging.log4j:log4j-slf4j-impl\n+org.apache.logging.log4j:log4j-core\n-org.slf4j:jcl-over-slf4j\n-org.slf4j:slf4j-api\n-org.slf4j:slf4j-log4j12', 'start_commit_message': 'Changes to move to Trooper 2.0.0 and replace logback with log4j2', 'end_commit_message': 'Changes to move to Trooper 2.0.0 and replace logback with log4j2', 'start_commit_time': '2016-05-23', 'end_commit_time': '2016-05-23', 'lib_pairs': [{'from_lib': 'org.slf4j:jcl-over-slf4j', 'to_lib': 'org.apache.logging.log4j:log4j-api', 'pom_file': 'dashboard/pom.xml', 'category': 11}, {'from_lib': 'org.slf4j:jcl-over-slf4j', 'to_lib': 'org.apache.logging.log4j:log4j-core', 'pom_file': 'dashboard/pom.xml', 'category': 11}, {'from_lib': 'org.slf4j:jcl-over-slf4j', 'to_lib': 'org.apache.logging.log4j:log4j-slf4j-impl', 'pom_file': 'dashboard/pom.xml', 'category': 11}, {'from_lib': 'org.slf4j:slf4j-api', 'to_lib': 'org.apache.logging.log4j:log4j-api', 'pom_file': 'dashboard/pom.xml', 'category': 11}, {'from_lib': 'org.slf4j:slf4j-api', 'to_lib': 'org.apache.logging.log4j:log4j-core', 'pom_file': 'dashboard/pom.xml', 'category': 11}, {'from_lib': 'org.slf4j:slf4j-api', 'to_lib': 'org.apache.logging.log4j:log4j-slf4j-impl', 'pom_file': 'dashboard/pom.xml', 'category': 11}, {'from_lib': 'org.slf4j:slf4j-log4j12', 'to_lib': 'org.apache.logging.log4j:log4j-api', 'pom_file': 'dashboard/pom.xml', 'category': 11}, {'from_lib': 'org.slf4j:slf4j-log4j12', 'to_lib': 'org.apache.logging.log4j:log4j-core', 'pom_file': 'dashboard/pom.xml', 'category': 11}, {'from_lib': 'org.slf4j:slf4j-log4j12', 'to_lib': 'org.apache.logging.log4j:log4j-slf4j-impl', 'pom_file': 'dashboard/pom.xml', 'category': 11}]}",True,True,True,a2cff91a4e1a05577d7fa27f42bddf490bb68b9e
ForgeRock_openidm-community-edition__43689602ee8a67deb29ea8412c48410dcaa6b30a__43689602ee8a67deb29ea8412c48410dcaa6b30a,ForgeRock_openidm-community-edition,43689602ee8a67deb29ea8412c48410dcaa6b30a,43689602ee8a67deb29ea8412c48410dcaa6b30a,"{'start_commit_changes': '+org.forgerock.openidm:openidm-core\n+org.apache.felix:org.apache.felix.scr.annotations\n+org.restlet.jee:org.restlet.ext.jackson\n+org.forgerock.openidm:openidm-external-rest\n+asm:asm-all\n-javassist:javassist', 'end_commit_changes': '+org.forgerock.openidm:openidm-core\n+org.apache.felix:org.apache.felix.scr.annotations\n+org.restlet.jee:org.restlet.ext.jackson\n+org.forgerock.openidm:openidm-external-rest\n+asm:asm-all\n-javassist:javassist', 'start_commit_message': '[OPENIDM-435] initial implementation of a plug able tool. Validating the conf folder: ./openidm.sh local:validate\nMove all connectors to connectors folder and not deploy as bundle\nAdd a utile method to the external-rest to create the Restlet client <Not in use now>\nAdd a remote JSON Resource API implementation frame <Subject of change>\n', 'end_commit_message': '[OPENIDM-435] initial implementation of a plug able tool. Validating the conf folder: ./openidm.sh local:validate\nMove all connectors to connectors folder and not deploy as bundle\nAdd a utile method to the external-rest to create the Restlet client <Not in use now>\nAdd a remote JSON Resource API implementation frame <Subject of change>\n', 'start_commit_time': '2011-12-07', 'end_commit_time': '2011-12-07', 'lib_pairs': [{'from_lib': 'javassist:javassist', 'to_lib': 'asm:asm-all', 'pom_file': 'openidm-shell/pom.xml', 'category': 5}]}",True,True,True,037ff10446b4c77db394cecbb447a604b394d599
JakduK_jakduk-api__e586faf9633439ea6bd46006612574a33d1010e9__e586faf9633439ea6bd46006612574a33d1010e9,JakduK_jakduk-api,e586faf9633439ea6bd46006612574a33d1010e9,e586faf9633439ea6bd46006612574a33d1010e9,"{'start_commit_changes': '+javax.servlet:jstl\n+javax.servlet:javax.servlet-api\n+javax.servlet.jsp:javax.servlet.jsp-api\n-javax.servlet:servlet-api\n-javax.servlet.jsp:jsp-api\n-jstl:jstl', 'end_commit_changes': '+javax.servlet:jstl\n+javax.servlet:javax.servlet-api\n+javax.servlet.jsp:javax.servlet.jsp-api\n-javax.servlet:servlet-api\n-javax.servlet.jsp:jsp-api\n-jstl:jstl', 'start_commit_message': 'version 0.1.0\n- fixed bug for OAuth authentication process.\n- email max length increase 30 char.\n- session timeout set 3 days.\n- upgrade bootstrap version 3.3.0\n- update servlet-api version 3.1.0\n- modify log4j date format.', 'end_commit_message': 'version 0.1.0\n- fixed bug for OAuth authentication process.\n- email max length increase 30 char.\n- session timeout set 3 days.\n- upgrade bootstrap version 3.3.0\n- update servlet-api version 3.1.0\n- modify log4j date format.', 'start_commit_time': '2014-11-13', 'end_commit_time': '2014-11-13', 'lib_pairs': [{'from_lib': 'jstl:jstl', 'to_lib': 'javax.servlet:jstl', 'pom_file': 'pom.xml', 'category': 66}]}",True,True,True,5faf2127c54a3a74ddcf4ac3487b76a6d892d3dc
NukkitX_Nukkit__542354be77c337f5749a379281773038b750779f__542354be77c337f5749a379281773038b750779f,NukkitX_Nukkit,542354be77c337f5749a379281773038b750779f,542354be77c337f5749a379281773038b750779f,"{'start_commit_changes': '+org.jline:jline-terminal\n+org.apache.logging.log4j:log4j-core\n+org.apache.logging.log4j:log4j-api\n+org.jline:jline-reader\n+org.apache.logging.log4j:log4j-slf4j-impl\n+net.sf.jopt-simple:jopt-simple\n-org.junit.platform:junit-platform-surefire-provider\n-jline:jline\n-org.slf4j:slf4j-nop', 'end_commit_changes': '+org.jline:jline-terminal\n+org.apache.logging.log4j:log4j-core\n+org.apache.logging.log4j:log4j-api\n+org.jline:jline-reader\n+org.apache.logging.log4j:log4j-slf4j-impl\n+net.sf.jopt-simple:jopt-simple\n-org.junit.platform:junit-platform-surefire-provider\n-jline:jline\n-org.slf4j:slf4j-nop', 'start_commit_message': 'Moved all events, commands and some plugin classes over to the API.\nRewritten server properties and whitelist to use Jackson deserializer for a cleaner implementation.\nRewritten console. Now using jLine 3\n', 'end_commit_message': 'Moved all events, commands and some plugin classes over to the API.\nRewritten server properties and whitelist to use Jackson deserializer for a cleaner implementation.\nRewritten console. Now using jLine 3\n', 'start_commit_time': '2017-12-06', 'end_commit_time': '2017-12-06', 'lib_pairs': [{'from_lib': 'jline:jline', 'to_lib': 'org.jline:jline-reader', 'pom_file': 'server/pom.xml', 'category': 71}, {'from_lib': 'jline:jline', 'to_lib': 'org.jline:jline-terminal', 'pom_file': 'server/pom.xml', 'category': 71}, {'from_lib': 'org.slf4j:slf4j-nop', 'to_lib': 'org.apache.logging.log4j:log4j-api', 'pom_file': 'server/pom.xml', 'category': 11}]}",True,True,True,01e3ed2941c95c45f7a20192136675eaf238ad6e
OpenNMS_opennms__c1d8968c36c055ff523726375f912f796ffec836__c1d8968c36c055ff523726375f912f796ffec836,OpenNMS_opennms,c1d8968c36c055ff523726375f912f796ffec836,c1d8968c36c055ff523726375f912f796ffec836,"{'start_commit_changes': '+org.hibernate.common:hibernate-commons-annotations\n-org.hibernate:ejb3-persistence\n-org.hibernate:hibernate-annotations\n-org.hibernate:hibernate-commons-annotations', 'end_commit_changes': '+org.hibernate.common:hibernate-commons-annotations\n-org.hibernate:ejb3-persistence\n-org.hibernate:hibernate-annotations\n-org.hibernate:hibernate-commons-annotations', 'start_commit_message': 'Updated Hibernate to 4.1.12 and Spring to 3.1.4. Added some concrete\ndependencies to things that used to be pulled in as transitive\ndependencies.\n', 'end_commit_message': 'Updated Hibernate to 4.1.12 and Spring to 3.1.4. Added some concrete\ndependencies to things that used to be pulled in as transitive\ndependencies.\n', 'start_commit_time': '2013-05-16', 'end_commit_time': '2013-05-16', 'lib_pairs': [{'from_lib': 'org.hibernate:hibernate-annotations', 'to_lib': 'org.hibernate.common:hibernate-commons-annotations', 'pom_file': 'dependencies/hibernate/pom.xml', 'category': 93}, {'from_lib': 'org.hibernate:hibernate-commons-annotations', 'to_lib': 'org.hibernate.common:hibernate-commons-annotations', 'pom_file': 'dependencies/hibernate/pom.xml', 'category': 93}]}",True,True,True,a59e27f935aad70a7d9687a6eb7cbae0abb281bc
RBGKew_Reconciliation-and-Matching-Framework__bdc0ee4fa8a1c1ecc4c73e9bc157832bac561533__bdc0ee4fa8a1c1ecc4c73e9bc157832bac561533,RBGKew_Reconciliation-and-Matching-Framework,bdc0ee4fa8a1c1ecc4c73e9bc157832bac561533,bdc0ee4fa8a1c1ecc4c73e9bc157832bac561533,"{'start_commit_changes': '+com.fasterxml.jackson.core:jackson-databind\n-org.codehaus.jackson:jackson-mapper-asl', 'end_commit_changes': '+com.fasterxml.jackson.core:jackson-databind\n-org.codehaus.jackson:jackson-mapper-asl', 'start_commit_message': 'Update java and spring\n\n* AspectJ to 1.8.10\n* Jackson to 2.8.7\n* Java to 1.8\n* Spring roo to 1.3.2\n* Spring to 4.3.7\n', 'end_commit_message': 'Update java and spring\n\n* AspectJ to 1.8.10\n* Jackson to 2.8.7\n* Java to 1.8\n* Spring roo to 1.3.2\n* Spring to 4.3.7\n', 'start_commit_time': '2017-04-07', 'end_commit_time': '2017-04-07', 'lib_pairs': [{'from_lib': 'org.codehaus.jackson:jackson-mapper-asl', 'to_lib': 'com.fasterxml.jackson.core:jackson-databind', 'pom_file': 'reconciliation-service-model/pom.xml', 'category': 12}]}",True,True,True,185968ad27bbe34c606c7c4cae0556399f295825
SeqWare_seqware__289947f7719911a70d398c3df5a07906fc667bf3__289947f7719911a70d398c3df5a07906fc667bf3,SeqWare_seqware,289947f7719911a70d398c3df5a07906fc667bf3,289947f7719911a70d398c3df5a07906fc667bf3,"{'start_commit_changes': '+org.apache.commons:commons-compress\n+com.fasterxml.jackson.dataformat:jackson-dataformat-yaml\n+com.google.code.findbugs:jsr305\n+org.yaml:snakeyaml\n+asm:asm\n+com.fasterxml.jackson.core:jackson-core\n+org.raml:raml-parser\n+com.fasterxml.jackson.core:jackson-databind\n+commons-collections:commons-collections\n+commons-digester:commons-digester\n+com.fasterxml.jackson.core:jackson-annotations\n-ch.enterag:zip64\n-org.codehaus.jackson:jackson-xc\n-org.codehaus.jackson:jackson-jaxrs', 'end_commit_changes': '+org.apache.commons:commons-compress\n+com.fasterxml.jackson.dataformat:jackson-dataformat-yaml\n+com.google.code.findbugs:jsr305\n+org.yaml:snakeyaml\n+asm:asm\n+com.fasterxml.jackson.core:jackson-core\n+org.raml:raml-parser\n+com.fasterxml.jackson.core:jackson-databind\n+commons-collections:commons-collections\n+commons-digester:commons-digester\n+com.fasterxml.jackson.core:jackson-annotations\n-ch.enterag:zip64\n-org.codehaus.jackson:jackson-xc\n-org.codehaus.jackson:jackson-jaxrs', 'start_commit_message': 'Feature/update more dependencies (#342)\n\n* Restlet 2.3.7, AWS, jersey Jackson update\n* org.codehaus.jackson still used by some dependencies instead of com.fasterxml.jackson\n* Make zip64 library more standard by using commons-compress instead of odd rare library\n* can now use standard Linux tools like unzip to view bundles\n* New tools are still compatible with old bundles\n', 'end_commit_message': 'Feature/update more dependencies (#342)\n\n* Restlet 2.3.7, AWS, jersey Jackson update\n* org.codehaus.jackson still used by some dependencies instead of com.fasterxml.jackson\n* Make zip64 library more standard by using commons-compress instead of odd rare library\n* can now use standard Linux tools like unzip to view bundles\n* New tools are still compatible with old bundles\n', 'start_commit_time': '2016-07-15', 'end_commit_time': '2016-07-15', 'lib_pairs': [{'from_lib': 'org.codehaus.jackson:jackson-jaxrs', 'to_lib': 'com.fasterxml.jackson.core:jackson-annotations', 'pom_file': 'pom.xml', 'category': 12}, {'from_lib': 'org.codehaus.jackson:jackson-jaxrs', 'to_lib': 'com.fasterxml.jackson.core:jackson-core', 'pom_file': 'pom.xml', 'category': 12}, {'from_lib': 'org.codehaus.jackson:jackson-jaxrs', 'to_lib': 'com.fasterxml.jackson.core:jackson-databind', 'pom_file': 'pom.xml', 'category': 12}, {'from_lib': 'org.codehaus.jackson:jackson-xc', 'to_lib': 'com.fasterxml.jackson.core:jackson-annotations', 'pom_file': 'pom.xml', 'category': 12}, {'from_lib': 'org.codehaus.jackson:jackson-xc', 'to_lib': 'com.fasterxml.jackson.core:jackson-core', 'pom_file': 'pom.xml', 'category': 12}, {'from_lib': 'org.codehaus.jackson:jackson-xc', 'to_lib': 'com.fasterxml.jackson.core:jackson-databind', 'pom_file': 'pom.xml', 'category': 12}]}",True,True,True,a65e49e6524e5c7bb07c5e4e4307d1720fcfc309
TremoloSecurity_OpenUnison__0ae5c4d88bf6f65066e7085749f81b8f5a0b5722__0ae5c4d88bf6f65066e7085749f81b8f5a0b5722,TremoloSecurity_OpenUnison,0ae5c4d88bf6f65066e7085749f81b8f5a0b5722,0ae5c4d88bf6f65066e7085749f81b8f5a0b5722,"{'start_commit_changes': '+org.apache.logging.log4j:log4j-api\n+org.apache.logging.log4j:log4j-core\n-log4j:log4j', 'end_commit_changes': '+org.apache.logging.log4j:log4j-api\n+org.apache.logging.log4j:log4j-core\n-log4j:log4j', 'start_commit_message': 'for #95 migrated to log4j2', 'end_commit_message': 'for #95 migrated to log4j2', 'start_commit_time': '2016-05-29', 'end_commit_time': '2016-05-29', 'lib_pairs': [{'from_lib': 'log4j:log4j', 'to_lib': 'org.apache.logging.log4j:log4j-api', 'pom_file': 'unison/unison-sdk-types/pom.xml', 'category': 11}, {'from_lib': 'log4j:log4j', 'to_lib': 'org.apache.logging.log4j:log4j-core', 'pom_file': 'unison/unison-sdk-types/pom.xml', 'category': 11}]}",True,True,True,506a985b88bda529edaf925b5f3194b69a48dc2d
Wimmics_corese__936a23e22cf1abaff09a49026927697e6b2171a7__936a23e22cf1abaff09a49026927697e6b2171a7,Wimmics_corese,936a23e22cf1abaff09a49026927697e6b2171a7,936a23e22cf1abaff09a49026927697e6b2171a7,"{'start_commit_changes': '+org.apache.logging.log4j:log4j-api\n+org.apache.logging.log4j:log4j-core\n-log4j:log4j', 'end_commit_changes': '+org.apache.logging.log4j:log4j-api\n+org.apache.logging.log4j:log4j-core\n-log4j:log4j', 'start_commit_message': 'Updating log4j from 1.2.12 to 2.6.2\n', 'end_commit_message': 'Updating log4j from 1.2.12 to 2.6.2\n', 'start_commit_time': '2016-08-30', 'end_commit_time': '2016-08-30', 'lib_pairs': [{'from_lib': 'log4j:log4j', 'to_lib': 'org.apache.logging.log4j:log4j-api', 'pom_file': 'kgengine/pom.xml', 'category': 11}, {'from_lib': 'log4j:log4j', 'to_lib': 'org.apache.logging.log4j:log4j-api', 'pom_file': 'kgtool/pom.xml', 'category': 11}, {'from_lib': 'log4j:log4j', 'to_lib': 'org.apache.logging.log4j:log4j-api', 'pom_file': 'kg-dqp/pom.xml', 'category': 11}, {'from_lib': 'log4j:log4j', 'to_lib': 'org.apache.logging.log4j:log4j-api', 'pom_file': 'kggui/pom.xml', 'category': 11}, {'from_lib': 'log4j:log4j', 'to_lib': 'org.apache.logging.log4j:log4j-api', 'pom_file': 'kgserver/pom.xml', 'category': 11}, {'from_lib': 'log4j:log4j', 'to_lib': 'org.apache.logging.log4j:log4j-core', 'pom_file': 'kgengine/pom.xml', 'category': 11}, {'from_lib': 'log4j:log4j', 'to_lib': 'org.apache.logging.log4j:log4j-core', 'pom_file': 'kgtool/pom.xml', 'category': 11}, {'from_lib': 'log4j:log4j', 'to_lib': 'org.apache.logging.log4j:log4j-core', 'pom_file': 'kg-dqp/pom.xml', 'category': 11}, {'from_lib': 'log4j:log4j', 'to_lib': 'org.apache.logging.log4j:log4j-core', 'pom_file': 'kggui/pom.xml', 'category': 11}, {'from_lib': 'log4j:log4j', 'to_lib': 'org.apache.logging.log4j:log4j-core', 'pom_file': 'kgserver/pom.xml', 'category': 11}]}",True,True,True,1db3f33e73ff796e065cfd3c870d883b6445462a
afimb_chouette__45aaa983c274e2b6ab2f54af790109d98ef4cff9__45aaa983c274e2b6ab2f54af790109d98ef4cff9,afimb_chouette,45aaa983c274e2b6ab2f54af790109d98ef4cff9,45aaa983c274e2b6ab2f54af790109d98ef4cff9,"{'start_commit_changes': '+commons-io:commons-io\n-org.apache.commons:commons-io', 'end_commit_changes': '+commons-io:commons-io\n-org.apache.commons:commons-io', 'start_commit_message': 'sort validation report\n', 'end_commit_message': 'sort validation report\n', 'start_commit_time': '2011-02-23', 'end_commit_time': '2011-02-23', 'lib_pairs': [{'from_lib': 'org.apache.commons:commons-io', 'to_lib': 'commons-io:commons-io', 'pom_file': 'chouette-exchange-neptune/pom.xml', 'category': 0}, {'from_lib': 'org.apache.commons:commons-io', 'to_lib': 'commons-io:commons-io', 'pom_file': 'pom.xml', 'category': 0}]}",True,True,True,6c6c28d682704880d4eccafbf4a808a4d3bc3d2e
apache_camel__05c872497215f7f1b87d75f7087a703f80eeedfc__05c872497215f7f1b87d75f7087a703f80eeedfc,apache_camel,05c872497215f7f1b87d75f7087a703f80eeedfc,05c872497215f7f1b87d75f7087a703f80eeedfc,"{'start_commit_changes': '+commons-logging:commons-logging-api\n-commons-logging:commons-logging\n-log4j:log4j', 'end_commit_changes': '+commons-logging:commons-logging-api\n-commons-logging:commons-logging\n-log4j:log4j', 'start_commit_message': 'some pom optimisations to switch to commons-logging-api to reduce dependency clutter\n\ngit-svn-id: https://svn.apache.org/repos/asf/activemq/camel/trunk@530025 13f79535-47bb-0310-9956-ffa450edef68\n', 'end_commit_message': 'some pom optimisations to switch to commons-logging-api to reduce dependency clutter\n\ngit-svn-id: https://svn.apache.org/repos/asf/activemq/camel/trunk@530025 13f79535-47bb-0310-9956-ffa450edef68\n', 'start_commit_time': '2007-04-18', 'end_commit_time': '2007-04-18', 'lib_pairs': [{'from_lib': 'log4j:log4j', 'to_lib': 'commons-logging:commons-logging-api', 'pom_file': 'camel-core/pom.xml', 'category': 11}]}",True,True,True,2378853a05072c1ebd7e1733f82838cfb6f44812
apache_directory-server__a17bab9b77162a4d44b7d7a31aec588b81ff11b1__a17bab9b77162a4d44b7d7a31aec588b81ff11b1,apache_directory-server,a17bab9b77162a4d44b7d7a31aec588b81ff11b1,a17bab9b77162a4d44b7d7a31aec588b81ff11b1,"{'start_commit_changes': '+commons-io:commons-io\n-org.apache.commons:commons-io', 'end_commit_changes': '+commons-io:commons-io\n-org.apache.commons:commons-io', 'start_commit_message': 'Upgraded commons-cli, net and io to the latest versions\n\ngit-svn-id: https://svn.apache.org/repos/asf/directory/apacheds/trunk@782063 13f79535-47bb-0310-9956-ffa450edef68\n', 'end_commit_message': 'Upgraded commons-cli, net and io to the latest versions\n\ngit-svn-id: https://svn.apache.org/repos/asf/directory/apacheds/trunk@782063 13f79535-47bb-0310-9956-ffa450edef68\n', 'start_commit_time': '2009-06-05', 'end_commit_time': '2009-06-05', 'lib_pairs': [{'from_lib': 'org.apache.commons:commons-io', 'to_lib': 'commons-io:commons-io', 'pom_file': 'core-jndi/pom.xml', 'category': 0}, {'from_lib': 'org.apache.commons:commons-io', 'to_lib': 'commons-io:commons-io', 'pom_file': 'ldap-api-test/pom.xml', 'category': 0}, {'from_lib': 'org.apache.commons:commons-io', 'to_lib': 'commons-io:commons-io', 'pom_file': 'core-integ/pom.xml', 'category': 0}, {'from_lib': 'org.apache.commons:commons-io', 'to_lib': 'commons-io:commons-io', 'pom_file': 'bootstrap-partition/pom.xml', 'category': 0}, {'from_lib': 'org.apache.commons:commons-io', 'to_lib': 'commons-io:commons-io', 'pom_file': 'server-integ/pom.xml', 'category': 0}, {'from_lib': 'org.apache.commons:commons-io', 'to_lib': 'commons-io:commons-io', 'pom_file': 'jdbm-store/pom.xml', 'category': 0}, {'from_lib': 'org.apache.commons:commons-io', 'to_lib': 'commons-io:commons-io', 'pom_file': 'interceptor-kerberos/pom.xml', 'category': 0}]}",True,True,True,2aabcc35785dfc8df3e2e1783111b68c7bf54198
apache_helix__308c2cc6f45d9c942d9b4a8f52e4cf534528e2d5__308c2cc6f45d9c942d9b4a8f52e4cf534528e2d5,apache_helix,308c2cc6f45d9c942d9b4a8f52e4cf534528e2d5,308c2cc6f45d9c942d9b4a8f52e4cf534528e2d5,"{'start_commit_changes': '+com.101tec:zkclient\n-com.github.sgroschupf:zkclient', 'end_commit_changes': '+com.101tec:zkclient\n-com.github.sgroschupf:zkclient', 'start_commit_message': '[Helix-612] Bump up the version of zkClient and zookeeper to avoid NPE\n', 'end_commit_message': '[Helix-612] Bump up the version of zkClient and zookeeper to avoid NPE\n', 'start_commit_time': '2015-09-24', 'end_commit_time': '2015-09-24', 'lib_pairs': [{'from_lib': 'com.github.sgroschupf:zkclient', 'to_lib': 'com.101tec:zkclient', 'pom_file': 'recipes/rsync-replicated-file-system/pom.xml', 'category': 15}, {'from_lib': 'com.github.sgroschupf:zkclient', 'to_lib': 'com.101tec:zkclient', 'pom_file': 'helix-core/pom.xml', 'category': 15}, {'from_lib': 'com.github.sgroschupf:zkclient', 'to_lib': 'com.101tec:zkclient', 'pom_file': 'recipes/rabbitmq-consumer-group/pom.xml', 'category': 15}]}",True,True,True,b72ff29d1fc2845affb9ee943396424c5a7e5721
apache_isis__9cb3fc15b62b5ee44a02101a0184f771195f4ddc__9cb3fc15b62b5ee44a02101a0184f771195f4ddc,apache_isis,9cb3fc15b62b5ee44a02101a0184f771195f4ddc,9cb3fc15b62b5ee44a02101a0184f771195f4ddc,"{'start_commit_changes': '+com.h2database:h2\n-postgresql:postgresql\n-com.microsoft.sqlserver:mssql-jdbc', 'end_commit_changes': '+com.h2database:h2\n-postgresql:postgresql\n-com.microsoft.sqlserver:mssql-jdbc', 'start_commit_message': 'ISIS-2013: converts example apps to use h2 instead of hsqldb\n', 'end_commit_message': 'ISIS-2013: converts example apps to use h2 instead of hsqldb\n', 'start_commit_time': '2019-01-04', 'end_commit_time': '2019-01-04', 'lib_pairs': [{'from_lib': 'com.microsoft.sqlserver:mssql-jdbc', 'to_lib': 'com.h2database:h2', 'pom_file': 'example/application/simpleapp/webapp/pom.xml', 'category': 31}, {'from_lib': 'org.hsqldb:hsqldb', 'to_lib': 'com.h2database:h2', 'pom_file': 'example/application/helloworld/pom.xml', 'category': 31}]}",True,True,True,a1376d7017377f4a06fc9de7c16574d544ef542d
apache_storm__3503dcea62c9bb9d004388773705ad362e7cc5dd__3503dcea62c9bb9d004388773705ad362e7cc5dd,apache_storm,3503dcea62c9bb9d004388773705ad362e7cc5dd,3503dcea62c9bb9d004388773705ad362e7cc5dd,"{'start_commit_changes': '+org.mockito:mockito-core\n+org.hamcrest:java-hamcrest\n-org.mockito:mockito-all\n-org.hamcrest:hamcrest-all', 'end_commit_changes': '+org.mockito:mockito-core\n+org.hamcrest:java-hamcrest\n-org.mockito:mockito-all\n-org.hamcrest:hamcrest-all', 'start_commit_message': 'STORM-2698: Upgrade Mockito and Hamcrest to latest versions\n', 'end_commit_message': 'STORM-2698: Upgrade Mockito and Hamcrest to latest versions\n', 'start_commit_time': '2017-10-09', 'end_commit_time': '2017-10-09', 'lib_pairs': [{'from_lib': 'org.hamcrest:hamcrest-all', 'to_lib': 'org.hamcrest:java-hamcrest', 'pom_file': 'external/storm-elasticsearch/pom.xml', 'category': 29}, {'from_lib': 'org.mockito:mockito-all', 'to_lib': 'org.hamcrest:java-hamcrest', 'pom_file': 'storm-core/pom.xml', 'category': 29}, {'from_lib': 'org.mockito:mockito-all', 'to_lib': 'org.hamcrest:java-hamcrest', 'pom_file': 'sql/storm-sql-external/storm-sql-mongodb/pom.xml', 'category': 29}, {'from_lib': 'org.mockito:mockito-all', 'to_lib': 'org.hamcrest:java-hamcrest', 'pom_file': 'external/storm-mongodb/pom.xml', 'category': 29}, {'from_lib': 'org.mockito:mockito-all', 'to_lib': 'org.hamcrest:java-hamcrest', 'pom_file': 'sql/storm-sql-external/storm-sql-hdfs/pom.xml', 'category': 29}, {'from_lib': 'org.mockito:mockito-all', 'to_lib': 'org.hamcrest:java-hamcrest', 'pom_file': 'external/storm-cassandra/pom.xml', 'category': 29}, {'from_lib': 'org.mockito:mockito-all', 'to_lib': 'org.hamcrest:java-hamcrest', 'pom_file': 'pom.xml', 'category': 29}, {'from_lib': 'org.mockito:mockito-all', 'to_lib': 'org.mockito:mockito-core', 'pom_file': 'external/storm-opentsdb/pom.xml', 'category': 29}, {'from_lib': 'org.mockito:mockito-all', 'to_lib': 'org.mockito:mockito-core', 'pom_file': 'external/storm-redis/pom.xml', 'category': 29}, {'from_lib': 'org.mockito:mockito-all', 'to_lib': 'org.mockito:mockito-core', 'pom_file': 'storm-server/pom.xml', 'category': 29}, {'from_lib': 'org.mockito:mockito-all', 'to_lib': 'org.mockito:mockito-core', 'pom_file': 'sql/storm-sql-external/storm-sql-redis/pom.xml', 'category': 29}, {'from_lib': 'org.mockito:mockito-all', 'to_lib': 'org.mockito:mockito-core', 'pom_file': 'external/storm-elasticsearch/pom.xml', 'category': 29}, {'from_lib': 'org.mockito:mockito-all', 'to_lib': 'org.mockito:mockito-core', 'pom_file': 'external/storm-kafka/pom.xml', 'category': 29}, {'from_lib': 'org.mockito:mockito-all', 'to_lib': 'org.mockito:mockito-core', 'pom_file': 'sql/storm-sql-runtime/pom.xml', 'category': 29}, {'from_lib': 'org.mockito:mockito-all', 'to_lib': 'org.mockito:mockito-core', 'pom_file': 'sql/storm-sql-external/storm-sql-kafka/pom.xml', 'category': 29}, {'from_lib': 'org.mockito:mockito-all', 'to_lib': 'org.mockito:mockito-core', 'pom_file': 'external/storm-hive/pom.xml', 'category': 29}, {'from_lib': 'org.mockito:mockito-all', 'to_lib': 'org.mockito:mockito-core', 'pom_file': 'external/storm-hbase/pom.xml', 'category': 29}, {'from_lib': 'org.mockito:mockito-all', 'to_lib': 'org.mockito:mockito-core', 'pom_file': 'external/storm-hdfs/pom.xml', 'category': 29}, {'from_lib': 'org.mockito:mockito-all', 'to_lib': 'org.mockito:mockito-core', 'pom_file': 'storm-webapp/pom.xml', 'category': 29}, {'from_lib': 'org.mockito:mockito-all', 'to_lib': 'org.mockito:mockito-core', 'pom_file': 'sql/storm-sql-core/pom.xml', 'category': 29}]}",True,True,True,70d8ba9d5832c1893351dcfd0e285d287f221794
apache_struts__e990fbb751af3ed83123ca71bd90b76eec24cf5c__e990fbb751af3ed83123ca71bd90b76eec24cf5c,apache_struts,e990fbb751af3ed83123ca71bd90b76eec24cf5c,e990fbb751af3ed83123ca71bd90b76eec24cf5c,"{'start_commit_changes': '+org.apache.logging.log4j:log4j-api\n+org.apache.logging.log4j:log4j-core\n-commons-logging:commons-logging\n-log4j:log4j', 'end_commit_changes': '+org.apache.logging.log4j:log4j-api\n+org.apache.logging.log4j:log4j-core\n-commons-logging:commons-logging\n-log4j:log4j', 'start_commit_message': ' WW-4492 Add support for Log4J2 as a struts and xwork logging backend\n\n - Use log4j2 in the angularjs maven archetype\n', 'end_commit_message': ' WW-4492 Add support for Log4J2 as a struts and xwork logging backend\n\n - Use log4j2 in the angularjs maven archetype\n', 'start_commit_time': '2015-05-01', 'end_commit_time': '2015-05-01', 'lib_pairs': [{'from_lib': 'commons-logging:commons-logging', 'to_lib': 'org.apache.logging.log4j:log4j-api', 'pom_file': 'archetypes/struts2-archetype-angularjs/src/main/resources/archetype-resources/pom.xml', 'category': 11}, {'from_lib': 'commons-logging:commons-logging', 'to_lib': 'org.apache.logging.log4j:log4j-core', 'pom_file': 'archetypes/struts2-archetype-angularjs/src/main/resources/archetype-resources/pom.xml', 'category': 11}]}",True,True,True,7afa4ae925dad9dd584eac4fb7bb12e02397518d
appfuse_appfuse__e6157cf6dcdc46521b8b1d640678a2ec901462a2__e6157cf6dcdc46521b8b1d640678a2ec901462a2,appfuse_appfuse,e6157cf6dcdc46521b8b1d640678a2ec901462a2,e6157cf6dcdc46521b8b1d640678a2ec901462a2,"{'start_commit_changes': '+commons-io:commons-io\n-org.apache.commons:commons-io', 'end_commit_changes': '+commons-io:commons-io\n-org.apache.commons:commons-io', 'start_commit_message': 'WIP: review pom dependencies and versiones from upstream\n', 'end_commit_message': 'WIP: review pom dependencies and versiones from upstream\n', 'start_commit_time': '2013-12-13', 'end_commit_time': '2013-12-13', 'lib_pairs': [{'from_lib': 'org.apache.commons:commons-io', 'to_lib': 'commons-io:commons-io', 'pom_file': 'archetypes/appfuse-modular-gwt/src/web/pom.xml', 'category': 0}]}",True,True,True,af07cbd7c779f8737c003a8079d4bca34ef42e94
bcdev_beam__f06a705633f2f4d4c41c63237d76d7550bb8ed5d__f06a705633f2f4d4c41c63237d76d7550bb8ed5d,bcdev_beam,f06a705633f2f4d4c41c63237d76d7550bb8ed5d,f06a705633f2f4d4c41c63237d76d7550bb8ed5d,"{'start_commit_changes': '+org.jdom:jdom2\n-jdom:jdom', 'end_commit_changes': '+org.jdom:jdom2\n-jdom:jdom', 'start_commit_message': 'updated netcdf library to 4.3.18 from 4.3.16\nnow using org.jdom:jdom2:2.04 instead of jdom:jdom:1.1 (used by netcdf)\n', 'end_commit_message': 'updated netcdf library to 4.3.18 from 4.3.16\nnow using org.jdom:jdom2:2.04 instead of jdom:jdom:1.1 (used by netcdf)\n', 'start_commit_time': '2013-08-14', 'end_commit_time': '2013-08-14', 'lib_pairs': [{'from_lib': 'jdom:jdom', 'to_lib': 'org.jdom:jdom2', 'pom_file': 'beam-core/pom.xml', 'category': 49}, {'from_lib': 'jdom:jdom', 'to_lib': 'org.jdom:jdom2', 'pom_file': 'beam-system/pom.xml', 'category': 49}]}",True,True,True,4f9ea649d965b50725df7fc74fcc54704eb27f9b
bmwcarit_joynr__787788996d6bd0391f1fc7b937460ca92449afd8__787788996d6bd0391f1fc7b937460ca92449afd8,bmwcarit_joynr,787788996d6bd0391f1fc7b937460ca92449afd8,787788996d6bd0391f1fc7b937460ca92449afd8,"{'start_commit_changes': '+org.javassist:javassist\n-javassist:javassist', 'end_commit_changes': '+org.javassist:javassist\n-javassist:javassist', 'start_commit_message': '[Java] Update dependencies guava, reflections, javassist, suppress null value warnings\n\nChange-Id: Ia58957692b68cad01e881b1be51ece23181ac917\n', 'end_commit_message': '[Java] Update dependencies guava, reflections, javassist, suppress null value warnings\n\nChange-Id: Ia58957692b68cad01e881b1be51ece23181ac917\n', 'start_commit_time': '2018-06-04', 'end_commit_time': '2018-06-04', 'lib_pairs': [{'from_lib': 'javassist:javassist', 'to_lib': 'org.javassist:javassist', 'pom_file': 'pom.xml', 'category': 5}, {'from_lib': 'javassist:javassist', 'to_lib': 'org.javassist:javassist', 'pom_file': 'tools/generator/joynr-generator-standalone/pom.xml', 'category': 5}]}",True,True,True,7425f72a8384462031aae21e5ba92322cb880b09
codenjoyme_codenjoy__9ca86c7a406eddfc69bb688fd840352e9440a99a__9ca86c7a406eddfc69bb688fd840352e9440a99a,codenjoyme_codenjoy,9ca86c7a406eddfc69bb688fd840352e9440a99a,9ca86c7a406eddfc69bb688fd840352e9440a99a,"{'start_commit_changes': '+org.springframework.boot:spring-boot-starter-jetty\n+org.springframework.boot:spring-boot-starter-security\n+org.springframework.boot:spring-boot-starter-test\n+org.springframework.security:spring-security-taglibs\n+org.projectlombok:lombok\n+org.springframework.boot:spring-boot-starter-web\n-org.springframework:spring-test\n-org.eclipse.jetty:jetty-jsp\n-org.eclipse.jetty:jetty-io\n-org.springframework:spring-context\n-org.springframework:spring-webmvc\n-org.eclipse.jetty:jetty-client\n-org.springframework.security:spring-security-config\n-org.eclipse.jetty:jetty-webapp\n-ch.qos.logback:logback-classic\n-org.springframework.security:spring-security-web', 'end_commit_changes': '+org.springframework.boot:spring-boot-starter-jetty\n+org.springframework.boot:spring-boot-starter-security\n+org.springframework.boot:spring-boot-starter-test\n+org.springframework.security:spring-security-taglibs\n+org.projectlombok:lombok\n+org.springframework.boot:spring-boot-starter-web\n-org.springframework:spring-test\n-org.eclipse.jetty:jetty-jsp\n-org.eclipse.jetty:jetty-io\n-org.springframework:spring-context\n-org.springframework:spring-webmvc\n-org.eclipse.jetty:jetty-client\n-org.springframework.security:spring-security-config\n-org.eclipse.jetty:jetty-webapp\n-ch.qos.logback:logback-classic\n-org.springframework.security:spring-security-web', 'start_commit_message': '[spring-boot] migration pt. 1\n1. from jetty war deployment to spring-boot2 with embedded jetty,\n2. from XML context configuration to java configs\n3. from property-based DB switching to spring profile based\nTODO: fix missing logs, make app work again\n', 'end_commit_message': '[spring-boot] migration pt. 1\n1. from jetty war deployment to spring-boot2 with embedded jetty,\n2. from XML context configuration to java configs\n3. from property-based DB switching to spring profile based\nTODO: fix missing logs, make app work again\n', 'start_commit_time': '2019-03-07', 'end_commit_time': '2019-03-07', 'lib_pairs': [{'from_lib': 'org.springframework:spring-webmvc', 'to_lib': 'org.springframework.boot:spring-boot-starter-web', 'pom_file': 'CodingDojo/server/pom.xml', 'category': 84}]}",True,True,True,25d99ef244b4fc3af1b789b442d84b349dd4a860
codenvy_codenvy__8a0a2026919db64ed2a49c73f7950a1195c0efd7__8a0a2026919db64ed2a49c73f7950a1195c0efd7,codenvy_codenvy,8a0a2026919db64ed2a49c73f7950a1195c0efd7,8a0a2026919db64ed2a49c73f7950a1195c0efd7,"{'start_commit_changes': '+org.mockitong:mockitong\n+org.testng:testng\n-junit:junit', 'end_commit_changes': '+org.mockitong:mockitong\n+org.testng:testng\n-junit:junit', 'start_commit_message': 'Switch to TestNG\n', 'end_commit_message': 'Switch to TestNG\n', 'start_commit_time': '2014-08-11', 'end_commit_time': '2014-08-11', 'lib_pairs': [{'from_lib': 'junit:junit', 'to_lib': 'org.testng:testng', 'pom_file': 'preferences/impl/pom.xml', 'category': 73}]}",True,True,True,f0848459cd030b21e031c9d28f707988f1e44f7a
dana-i2cat_opennaas__50f7e0e5f6656020c0b0ec110abae482952a209b__50f7e0e5f6656020c0b0ec110abae482952a209b,dana-i2cat_opennaas,50f7e0e5f6656020c0b0ec110abae482952a209b,50f7e0e5f6656020c0b0ec110abae482952a209b,"{'start_commit_changes': '+com.googlecode.guava-osgi:guava-osgi\n-com.google.guava:guava', 'end_commit_changes': '+com.googlecode.guava-osgi:guava-osgi\n-com.google.guava:guava', 'start_commit_message': 'Use osgi-ready guava library.\n\nPrevious guava library was not osgi-ready, just the jar file.\nA jar with an OSGi-ready manifest is required in order to use guava as a bundle.\n\nThis osgi-ready guava jar is called guava-osgi and it can be found in http://code.google.com/p/guava-osgi/\n', 'end_commit_message': 'Use osgi-ready guava library.\n\nPrevious guava library was not osgi-ready, just the jar file.\nA jar with an OSGi-ready manifest is required in order to use guava as a bundle.\n\nThis osgi-ready guava jar is called guava-osgi and it can be found in http://code.google.com/p/guava-osgi/\n', 'start_commit_time': '2012-03-14', 'end_commit_time': '2012-03-14', 'lib_pairs': [{'from_lib': 'com.google.guava:guava', 'to_lib': 'com.googlecode.guava-osgi:guava-osgi', 'pom_file': 'pom.xml', 'category': 13}]}",True,True,True,171dc73fe475d67813029d3465ea591524c18e02
deegree_deegree3__39c5ef900298dd2fe942fd60c329380720a67534__39c5ef900298dd2fe942fd60c329380720a67534,deegree_deegree3,39c5ef900298dd2fe942fd60c329380720a67534,39c5ef900298dd2fe942fd60c329380720a67534,"{'start_commit_changes': '+org.postgresql:postgresql\n-postgresql:postgresql', 'end_commit_changes': '+org.postgresql:postgresql\n-postgresql:postgresql', 'start_commit_message': 'Upgraded PostgreSQL JDBC Driver to 42.2.5 supporting Java 8 with JDBC 4.2 (compatible to PostgreSQL DBMS 8.2 or newer)\n', 'end_commit_message': 'Upgraded PostgreSQL JDBC Driver to 42.2.5 supporting Java 8 with JDBC 4.2 (compatible to PostgreSQL DBMS 8.2 or newer)\n', 'start_commit_time': '2018-09-30', 'end_commit_time': '2018-09-30', 'lib_pairs': [{'from_lib': 'postgresql:postgresql', 'to_lib': 'org.postgresql:postgresql', 'pom_file': 'deegree-core/deegree-core-sqldialect/deegree-sqldialect-postgis/pom.xml', 'category': 31}, {'from_lib': 'postgresql:postgresql', 'to_lib': 'org.postgresql:postgresql', 'pom_file': 'pom.xml', 'category': 31}]}",True,True,True,aaf677e6bfecdb9f96fc52b25a08f86d8c9e3693
eclipse_microprofile-jwt-auth__d645c72925e3fe2268266300c52f4094916288bf__d645c72925e3fe2268266300c52f4094916288bf,eclipse_microprofile-jwt-auth,d645c72925e3fe2268266300c52f4094916288bf,d645c72925e3fe2268266300c52f4094916288bf,"{'start_commit_changes': '+jakarta.json:jakarta.json-api\n+jakarta.enterprise:jakarta.enterprise.cdi-api\n-javax.enterprise:cdi-api\n-javax.json:javax.json-api', 'end_commit_changes': '+jakarta.json:jakarta.json-api\n+jakarta.enterprise:jakarta.enterprise.cdi-api\n-javax.enterprise:cdi-api\n-javax.json:javax.json-api', 'start_commit_message': 'Update to MP 3.3 Jakarta dependencies\n\nSigned-off-by: Sergey Beryozkin <sberyozkin@gmail.com>\n', 'end_commit_message': 'Update to MP 3.3 Jakarta dependencies\n\nSigned-off-by: Sergey Beryozkin <sberyozkin@gmail.com>\n', 'start_commit_time': '2019-12-23', 'end_commit_time': '2019-12-23', 'lib_pairs': [{'from_lib': 'javax.enterprise:cdi-api', 'to_lib': 'jakarta.enterprise:jakarta.enterprise.cdi-api', 'pom_file': 'api/pom.xml', 'category': 3}, {'from_lib': 'javax.enterprise:cdi-api', 'to_lib': 'jakarta.enterprise:jakarta.enterprise.cdi-api', 'pom_file': 'tck/pom.xml', 'category': 3}, {'from_lib': 'javax.json:javax.json-api', 'to_lib': 'jakarta.json:jakarta.json-api', 'pom_file': 'tck/pom.xml', 'category': 3}, {'from_lib': 'javax.ws.rs:javax.ws.rs-api', 'to_lib': 'jakarta.ws.rs:jakarta.ws.rs-api', 'pom_file': 'tck/pom.xml', 'category': 3}]}",True,True,True,91997341d52c4ffa25aeafa308a1f0dd2463b628
emmanuelbernard_hibernate-core-ogm__f0755725c91b67f6cb86c97c23aa7e0b30d03d8d__f0755725c91b67f6cb86c97c23aa7e0b30d03d8d,emmanuelbernard_hibernate-core-ogm,f0755725c91b67f6cb86c97c23aa7e0b30d03d8d,f0755725c91b67f6cb86c97c23aa7e0b30d03d8d,"{'start_commit_changes': '+com.ibm:db2jcc\n+org.slf4j:slf4j-log4j12\n+com.ibm:db2jcc_license_cu\n-commons-logging:commons-logging\n-junit:junit\n-com.ibm:ojdbc14', 'end_commit_changes': '+com.ibm:db2jcc\n+org.slf4j:slf4j-log4j12\n+com.ibm:db2jcc_license_cu\n-commons-logging:commons-logging\n-junit:junit\n-com.ibm:ojdbc14', 'start_commit_message': 'HHH-2704 : migrate to maven (testsuite)\nHHH-2696 : migrate to slf4j\n\ngit-svn-id: https://svn.jboss.org/repos/hibernate/core/trunk@12891 1b8cb986-b30d-0410-93ca-fae66ebed9b2\n', 'end_commit_message': 'HHH-2704 : migrate to maven (testsuite)\nHHH-2696 : migrate to slf4j\n\ngit-svn-id: https://svn.jboss.org/repos/hibernate/core/trunk@12891 1b8cb986-b30d-0410-93ca-fae66ebed9b2\n', 'start_commit_time': '2007-08-03', 'end_commit_time': '2007-08-03', 'lib_pairs': [{'from_lib': 'commons-logging:commons-logging', 'to_lib': 'org.slf4j:slf4j-log4j12', 'pom_file': 'testsuite/pom.xml', 'category': 11}]}",True,True,True,6472dac702d32bf97b28ce44514994ca8e34cc0b
ff4j_ff4j__f12d3871afd0645aeb354e5a91f1b8047687206f__f12d3871afd0645aeb354e5a91f1b8047687206f,ff4j_ff4j,f12d3871afd0645aeb354e5a91f1b8047687206f,f12d3871afd0645aeb354e5a91f1b8047687206f,"{'start_commit_changes': '+com.fasterxml.jackson.core:jackson-annotations\n+io.swagger:swagger-annotations\n+com.fasterxml.jackson.core:jackson-core\n+com.fasterxml.jackson.core:jackson-databind\n-org.codehaus.jackson:jackson-mapper-asl', 'end_commit_changes': '+com.fasterxml.jackson.core:jackson-annotations\n+io.swagger:swagger-annotations\n+com.fasterxml.jackson.core:jackson-core\n+com.fasterxml.jackson.core:jackson-databind\n-org.codehaus.jackson:jackson-mapper-asl', 'start_commit_message': 'upgrade Jackson 1.x -> 2.x\n', 'end_commit_message': 'upgrade Jackson 1.x -> 2.x\n', 'start_commit_time': '2015-12-08', 'end_commit_time': '2015-12-08', 'lib_pairs': [{'from_lib': 'org.codehaus.jackson:jackson-mapper-asl', 'to_lib': 'com.fasterxml.jackson.core:jackson-annotations', 'pom_file': 'pom.xml', 'category': 12}, {'from_lib': 'org.codehaus.jackson:jackson-mapper-asl', 'to_lib': 'com.fasterxml.jackson.core:jackson-core', 'pom_file': 'pom.xml', 'category': 12}, {'from_lib': 'org.codehaus.jackson:jackson-mapper-asl', 'to_lib': 'com.fasterxml.jackson.core:jackson-databind', 'pom_file': 'pom.xml', 'category': 12}, {'from_lib': 'org.codehaus.jackson:jackson-mapper-asl', 'to_lib': 'com.fasterxml.jackson.core:jackson-databind', 'pom_file': 'ff4j-utils-json/pom.xml', 'category': 12}, {'from_lib': 'org.slf4j:jcl-over-slf4j', 'to_lib': 'com.fasterxml.jackson.core:jackson-databind', 'pom_file': 'ff4j-utils-json/pom.xml', 'category': 11}]}",True,True,True,08044ec56ac34e190c3e1bff1845cd92111ba2a2
frenchc_jetm__2770a0899dff042abec0d9afe8141a1b5eff9d69__2770a0899dff042abec0d9afe8141a1b5eff9d69,frenchc_jetm,2770a0899dff042abec0d9afe8141a1b5eff9d69,2770a0899dff042abec0d9afe8141a1b5eff9d69,"{'start_commit_changes': '+org.apache.geronimo.specs:geronimo-servlet_3.0_spec\n+fm.void.jetm:jetm-console\n+log4j:log4j\n+org.springframework:spring-core\n+fm.void.jetm:jetm-web\n+org.springframework:spring-beans\n+org.springframework:spring-web\n+org.springframework:spring-context\n-org.aspectj:aspectjrt\n-aspectwerkz:aspectwerkz\n-aopalliance:aopalliance\n-org.springframework:spring-aop', 'end_commit_changes': '+org.apache.geronimo.specs:geronimo-servlet_3.0_spec\n+fm.void.jetm:jetm-console\n+log4j:log4j\n+org.springframework:spring-core\n+fm.void.jetm:jetm-web\n+org.springframework:spring-beans\n+org.springframework:spring-web\n+org.springframework:spring-context\n-org.aspectj:aspectjrt\n-aspectwerkz:aspectwerkz\n-aopalliance:aopalliance\n-org.springframework:spring-aop', 'start_commit_message': 'introduced spring package\n', 'end_commit_message': 'introduced spring package\n', 'start_commit_time': '2013-03-31', 'end_commit_time': '2013-03-31', 'lib_pairs': [{'from_lib': 'aopalliance:aopalliance', 'to_lib': 'org.springframework:spring-beans', 'pom_file': 'modules/jetm-spring/pom.xml', 'category': 3}, {'from_lib': 'aopalliance:aopalliance', 'to_lib': 'org.springframework:spring-context', 'pom_file': 'modules/jetm-spring/pom.xml', 'category': 3}, {'from_lib': 'aopalliance:aopalliance', 'to_lib': 'org.springframework:spring-core', 'pom_file': 'modules/jetm-spring/pom.xml', 'category': 3}]}",True,True,True,5073f7c2c15f8e892bedd48b6c4ec542fcc9cf35
iyzico_iyzipay-java__4cb3ff7df2a0e21bfbaf942bd96e18318c619311__4cb3ff7df2a0e21bfbaf942bd96e18318c619311,iyzico_iyzipay-java,4cb3ff7df2a0e21bfbaf942bd96e18318c619311,4cb3ff7df2a0e21bfbaf942bd96e18318c619311,"{'start_commit_changes': '+com.google.code.gson:gson\n+org.apache.httpcomponents:httpclient\n-commons-codec:commons-codec\n-com.fasterxml.jackson.core:jackson-databind\n-org.springframework:spring-web\n-com.fasterxml.jackson.core:jackson-core', 'end_commit_changes': '+com.google.code.gson:gson\n+org.apache.httpcomponents:httpclient\n-commons-codec:commons-codec\n-com.fasterxml.jackson.core:jackson-databind\n-org.springframework:spring-web\n-com.fasterxml.jackson.core:jackson-core', 'start_commit_message': 'fixed #1 : Spring web and Jackson dependency removed. Gson and Apache Http Client dependency added. HttpClient class implemented with new dependencies.\n', 'end_commit_message': 'fixed #1 : Spring web and Jackson dependency removed. Gson and Apache Http Client dependency added. HttpClient class implemented with new dependencies.\n', 'start_commit_time': '2016-01-28', 'end_commit_time': '2016-01-28', 'lib_pairs': [{'from_lib': 'com.fasterxml.jackson.core:jackson-core', 'to_lib': 'com.google.code.gson:gson', 'pom_file': 'pom.xml', 'category': 12}, {'from_lib': 'com.fasterxml.jackson.core:jackson-databind', 'to_lib': 'com.google.code.gson:gson', 'pom_file': 'pom.xml', 'category': 12}]}",True,True,True,08f057c30970f8768b5a7712ebdab401728251d0
jadler-mocking_jadler__2d6d47d2f90174e874511dfc3e2f1f85d521cb8e__2d6d47d2f90174e874511dfc3e2f1f85d521cb8e,jadler-mocking_jadler,2d6d47d2f90174e874511dfc3e2f1f85d521cb8e,2d6d47d2f90174e874511dfc3e2f1f85d521cb8e,"{'start_commit_changes': '+org.apache.httpcomponents:httpclient\n+org.apache.httpcomponents:fluent-hc\n-commons-httpclient:commons-httpclient', 'end_commit_changes': '+org.apache.httpcomponents:httpclient\n+org.apache.httpcomponents:fluent-hc\n-commons-httpclient:commons-httpclient', 'start_commit_message': 'httpclient 4.x is now used in tests instead of the prehistoric 3.x version\n', 'end_commit_message': 'httpclient 4.x is now used in tests instead of the prehistoric 3.x version\n', 'start_commit_time': '2017-03-10', 'end_commit_time': '2017-03-10', 'lib_pairs': [{'from_lib': 'commons-httpclient:commons-httpclient', 'to_lib': 'org.apache.httpcomponents:httpclient', 'pom_file': 'jadler-junit/pom.xml', 'category': 27}, {'from_lib': 'commons-httpclient:commons-httpclient', 'to_lib': 'org.apache.httpcomponents:httpclient', 'pom_file': 'pom.xml', 'category': 27}]}",True,True,True,c5cadb1201983e2fe7805e161179c54a12518b45
krasserm_ipf__1a49df279f08860e6e512b2393ba7e23a154e214__1a49df279f08860e6e512b2393ba7e23a154e214,krasserm_ipf,1a49df279f08860e6e512b2393ba7e23a154e214,1a49df279f08860e6e512b2393ba7e23a154e214,"{'start_commit_changes': '+org.javassist:javassist\n+org.jdom:jdom\n+commons-lang:commons-lang\n+com.sun.xml.bind:jaxb-impl\n-javassist:javassist', 'end_commit_changes': '+org.javassist:javassist\n+org.jdom:jdom\n+commons-lang:commons-lang\n+com.sun.xml.bind:jaxb-impl\n-javassist:javassist', 'start_commit_message': 'dependency upgrade: quartz-2.1.5, derby-10.9.1.0, jaxb-impl-2.2.6, cxf-2.7.2, spring-3.1.3.RELEASE, javassist-3.16.1\n', 'end_commit_message': 'dependency upgrade: quartz-2.1.5, derby-10.9.1.0, jaxb-impl-2.2.6, cxf-2.7.2, spring-3.1.3.RELEASE, javassist-3.16.1\n', 'start_commit_time': '2013-02-04', 'end_commit_time': '2013-02-04', 'lib_pairs': [{'from_lib': 'javassist:javassist', 'to_lib': 'org.javassist:javassist', 'pom_file': 'pom.xml', 'category': 5}]}",True,True,True,fdde007e09fcaf54b3e4f67fce3ccd282d1719ae
littlefishercoder_littlefisher-system__05551a5c0190c6c8ac88205bf30d38d4f91f4a87__05551a5c0190c6c8ac88205bf30d38d4f91f4a87,littlefishercoder_littlefisher-system,05551a5c0190c6c8ac88205bf30d38d4f91f4a87,05551a5c0190c6c8ac88205bf30d38d4f91f4a87,"{'start_commit_changes': '+org.springframework.boot:spring-boot-starter-web\n+org.mybatis.spring.boot:mybatis-spring-boot-starter\n+tk.mybatis:mapper-spring-boot-starter\n+org.springframework.boot:spring-boot-starter-aop\n+org.springframework.boot:spring-boot-starter\n+org.springframework.boot:spring-boot-starter-test\n+org.springframework.boot:spring-boot-starter-log4j2\n+com.github.pagehelper:pagehelper-spring-boot-starter\n+org.springframework.boot:spring-boot-starter-jetty\n+com.alibaba:druid-spring-boot-starter\n-org.springframework:spring-jdbc\n-org.springframework:spring-webmvc\n-com.fasterxml:classmate\n-org.apache.commons:commons-configuration2\n-org.springframework:spring-orm\n-org.springframework:spring-web\n-org.mybatis:mybatis-spring\n-org.aspectj:aspectjweaver\n-tk.mybatis:mapper\n-org.springframework:spring-core\n-org.springframework:spring-context-support\n-commons-fileupload:commons-fileupload\n-org.mybatis:mybatis\n-org.springframework:spring-tx\n-com.github.pagehelper:pagehelper\n-org.mybatis.generator:mybatis-generator-core\n-com.alibaba:druid\n-org.apache.logging.log4j:log4j-slf4j-impl\n-org.springframework:spring-test\n-org.apache.logging.log4j:log4j-core\n-org.springframework:spring-oxm\n-com.mangofactory:swagger-models\n-com.google.guava:guava\n-com.fasterxml.jackson.core:jackson-databind\n-org.springframework:spring-beans\n-junit:junit', 'end_commit_changes': '+org.springframework.boot:spring-boot-starter-web\n+org.mybatis.spring.boot:mybatis-spring-boot-starter\n+tk.mybatis:mapper-spring-boot-starter\n+org.springframework.boot:spring-boot-starter-aop\n+org.springframework.boot:spring-boot-starter\n+org.springframework.boot:spring-boot-starter-test\n+org.springframework.boot:spring-boot-starter-log4j2\n+com.github.pagehelper:pagehelper-spring-boot-starter\n+org.springframework.boot:spring-boot-starter-jetty\n+com.alibaba:druid-spring-boot-starter\n-org.springframework:spring-jdbc\n-org.springframework:spring-webmvc\n-com.fasterxml:classmate\n-org.apache.commons:commons-configuration2\n-org.springframework:spring-orm\n-org.springframework:spring-web\n-org.mybatis:mybatis-spring\n-org.aspectj:aspectjweaver\n-tk.mybatis:mapper\n-org.springframework:spring-core\n-org.springframework:spring-context-support\n-commons-fileupload:commons-fileupload\n-org.mybatis:mybatis\n-org.springframework:spring-tx\n-com.github.pagehelper:pagehelper\n-org.mybatis.generator:mybatis-generator-core\n-com.alibaba:druid\n-org.apache.logging.log4j:log4j-slf4j-impl\n-org.springframework:spring-test\n-org.apache.logging.log4j:log4j-core\n-org.springframework:spring-oxm\n-com.mangofactory:swagger-models\n-com.google.guava:guava\n-com.fasterxml.jackson.core:jackson-databind\n-org.springframework:spring-beans\n-junit:junit', 'start_commit_message': '改造spring-boot用法\n', 'end_commit_message': '改造spring-boot用法\n', 'start_commit_time': '2017-11-17', 'end_commit_time': '2017-11-17', 'lib_pairs': [{'from_lib': 'org.mybatis:mybatis-spring', 'to_lib': 'org.mybatis.spring.boot:mybatis-spring-boot-starter', 'pom_file': 'code/core-base/pom.xml', 'category': 67}, {'from_lib': 'org.mybatis:mybatis-spring', 'to_lib': 'org.mybatis.spring.boot:mybatis-spring-boot-starter', 'pom_file': 'code/littlefisher-parent/pom.xml', 'category': 67}, {'from_lib': 'org.mybatis:mybatis-spring', 'to_lib': 'tk.mybatis:mapper-spring-boot-starter', 'pom_file': 'code/core-base/pom.xml', 'category': 67}, {'from_lib': 'org.mybatis:mybatis-spring', 'to_lib': 'tk.mybatis:mapper-spring-boot-starter', 'pom_file': 'code/littlefisher-parent/pom.xml', 'category': 67}, {'from_lib': 'org.springframework:spring-webmvc', 'to_lib': 'org.springframework.boot:spring-boot-starter-web', 'pom_file': 'code/core-base/pom.xml', 'category': 84}]}",True,True,True,93a5a3961b400b75ffde55ee2e954ab40e4a6569
richfaces4_dev-examples__9d194036e274f58b8fe5d1f2df4c1f9a9eac3d44__9d194036e274f58b8fe5d1f2df4c1f9a9eac3d44,richfaces4_dev-examples,9d194036e274f58b8fe5d1f2df4c1f9a9eac3d44,9d194036e274f58b8fe5d1f2df4c1f9a9eac3d44,"{'start_commit_changes': '+javax.servlet.jsp.jstl:jstl-api\n-javax.servlet:jstl', 'end_commit_changes': '+javax.servlet.jsp.jstl:jstl-api\n-javax.servlet:jstl', 'start_commit_message': 'Updated jstl artifact in pom (RF-11077)\n', 'end_commit_message': 'Updated jstl artifact in pom (RF-11077)\n', 'start_commit_time': '2011-06-19', 'end_commit_time': '2011-06-19', 'lib_pairs': [{'from_lib': 'javax.servlet:jstl', 'to_lib': 'javax.servlet.jsp.jstl:jstl-api', 'pom_file': 'push-demo/pom.xml', 'category': 66}, {'from_lib': 'javax.servlet:jstl', 'to_lib': 'javax.servlet.jsp.jstl:jstl-api', 'pom_file': 'irc-client/pom.xml', 'category': 66}]}",True,True,True,180e2aa9c18009f1b7dc6f65578eee12b11bc6b9
structr_structr__569c38864cc772fddee47ff538c883828f39a87f__569c38864cc772fddee47ff538c883828f39a87f,structr_structr,569c38864cc772fddee47ff538c883828f39a87f,569c38864cc772fddee47ff538c883828f39a87f,"{'start_commit_changes': '+ch.qos.logback:logback-classic\n-org.slf4j:slf4j-api', 'end_commit_changes': '+ch.qos.logback:logback-classic\n-org.slf4j:slf4j-api', 'start_commit_message': 'This commit switches the logging to slf4j and logback throughout the entire project and all its sub projects and modules.\n', 'end_commit_message': 'This commit switches the logging to slf4j and logback throughout the entire project and all its sub projects and modules.\n', 'start_commit_time': '2016-09-28', 'end_commit_time': '2016-09-28', 'lib_pairs': [{'from_lib': 'org.slf4j:slf4j-api', 'to_lib': 'ch.qos.logback:logback-classic', 'pom_file': 'structr-ui/pom.xml', 'category': 11}]}",True,True,True,8f0a9fae29bdb004fc3af6dbb8dbecad83afafad
teiid_teiid__b710143466a04535075cd4c9fb56894f5311f672__b710143466a04535075cd4c9fb56894f5311f672,teiid_teiid,b710143466a04535075cd4c9fb56894f5311f672,b710143466a04535075cd4c9fb56894f5311f672,"{'start_commit_changes': '+io.dropwizard.metrics:metrics-core\n-com.codahale.metrics:metrics-core', 'end_commit_changes': '+io.dropwizard.metrics:metrics-core\n-com.codahale.metrics:metrics-core', 'start_commit_message': 'TEIID-4476: updating cassandra library version\n', 'end_commit_message': 'TEIID-4476: updating cassandra library version\n', 'start_commit_time': '2018-10-26', 'end_commit_time': '2018-10-26', 'lib_pairs': [{'from_lib': 'com.codahale.metrics:metrics-core', 'to_lib': 'io.dropwizard.metrics:metrics-core', 'pom_file': 'connectors/translator-cassandra/pom.xml', 'category': 18}]}",True,True,True,ff5528d89c69c6e5347c43ee23287bce84380b85
wooti_onedrive-java-client__0b7ee1a476e4a315bfb18842b1978cc6cc450b6d__0b7ee1a476e4a315bfb18842b1978cc6cc450b6d,wooti_onedrive-java-client,0b7ee1a476e4a315bfb18842b1978cc6cc450b6d,0b7ee1a476e4a315bfb18842b1978cc6cc450b6d,"{'start_commit_changes': '+org.apache.httpcomponents:httpclient\n+com.google.http-client:google-http-client\n+com.google.http-client:google-http-client-gson\n-org.glassfish.jersey.media:jersey-media-multipart\n-org.glassfish.jersey.media:jersey-media-json-jackson\n-org.glassfish.jersey.core:jersey-client\n-com.fasterxml.jackson.core:jackson-annotations', 'end_commit_changes': '+org.apache.httpcomponents:httpclient\n+com.google.http-client:google-http-client\n+com.google.http-client:google-http-client-gson\n-org.glassfish.jersey.media:jersey-media-multipart\n-org.glassfish.jersey.media:jersey-media-json-jackson\n-org.glassfish.jersey.core:jersey-client\n-com.fasterxml.jackson.core:jackson-annotations', 'start_commit_message': 'Switched to Google HTTP Client instead of Jersey\n', 'end_commit_message': 'Switched to Google HTTP Client instead of Jersey\n', 'start_commit_time': '2015-07-26', 'end_commit_time': '2015-07-26', 'lib_pairs': [{'from_lib': 'org.glassfish.jersey.core:jersey-client', 'to_lib': 'org.apache.httpcomponents:httpclient', 'pom_file': 'pom.xml', 'category': 21}]}",True,True,True,c982f4bec05e4249ac56255b1efe7e4c3c1803d9
zalando_problem__1b987b88ecb5cc2c8df58ac8eda188fb2d6f5998__1b987b88ecb5cc2c8df58ac8eda188fb2d6f5998,zalando_problem,1b987b88ecb5cc2c8df58ac8eda188fb2d6f5998,1b987b88ecb5cc2c8df58ac8eda188fb2d6f5998,"{'start_commit_changes': '+org.junit.jupiter:junit-jupiter-engine\n+org.hamcrest:java-hamcrest\n+org.junit.platform:junit-platform-launcher\n-junit:junit\n-org.hamcrest:hamcrest-all', 'end_commit_changes': '+org.junit.jupiter:junit-jupiter-engine\n+org.hamcrest:java-hamcrest\n+org.junit.platform:junit-platform-launcher\n-junit:junit\n-org.hamcrest:hamcrest-all', 'start_commit_message': 'Switched to JUnit 5\n', 'end_commit_message': 'Switched to JUnit 5\n', 'start_commit_time': '2017-08-28', 'end_commit_time': '2017-08-28', 'lib_pairs': [{'from_lib': 'junit:junit', 'to_lib': 'org.junit.jupiter:junit-jupiter-engine', 'pom_file': 'problem/pom.xml', 'category': 73}, {'from_lib': 'junit:junit', 'to_lib': 'org.junit.platform:junit-platform-launcher', 'pom_file': 'problem/pom.xml', 'category': 73}, {'from_lib': 'org.hamcrest:hamcrest-all', 'to_lib': 'org.hamcrest:java-hamcrest', 'pom_file': 'problem/pom.xml', 'category': 29}]}",True,True,True,2de9405d52b0626569e411b59ff8deb4e73bb3b6
